,Instruction,TF_IDF_GeneratedRecipe,Rating,FineTuned_BART_GeneratedRecipe,Rating,PreTrained_BART_GeneratedRecipe,Rating
0,"Tags: ['60-minutes-or-less', 'time-to-make', 'course', 'preparation', 'pancakes-and-waffles', 'breakfast', 'easy', 'kid-friendly', 'dietary', 'low-sodium', 'low-in-something'] Nutrition: low-calories, low-total fat, high-sugar, low-sodium, low-protein, low-carbohydrates Ingredients:  'eggs','nonstick cooking spray', 'evaporated milk', 'strawberries', 'nutmeg', 'shredded wheat cereal', 'italian bread' Rating: 5.0","Name: apple a day  milk shake Minutes: 0 Ingredients: ['milk', 'vanilla ice cream', 'frozen apple juice concentrate', 'apple'] Steps: ['combine ingredients in blender', 'cover and blend until smooth', 'sprinkle with ground cinnamon', 'makes about 2 cups']",3,": Name: best waffles ever Minutes: 40 Ingredients: ['all-purpose flour', 'baking powder', ""confectioners' sugar"",'milk', ', 'eggs'] Steps: [""preheat oven to 400f mix flour, baking powder, sugar, and salt together in a large bowl and set aside until you're ready to use the batter, but don't overmix"", ""in a separate bowl, whisk together the milk, eggs, egg yolks, flour and baking soda, then add the dry ingredients to the wet ingredients and stir just until the mixture is just moistened, about 5 minutes, or until it's just mixed together and a little lumpy on the bottom of the waffle iron, depending on how you like your pancake batter to be done""]",4,"Tags: ['60-minutes-or-less', 'time-to-make', '/course', ', 'preparation"", 'pancakes-and-waffles', ""breakfast',�easy', ‘kid-friendly','dietary', `low-sodium', ['high-protein']",0
1,"Tags: ['weeknight', 'time-to-make', 'course', 'main-ingredient', 'cuisine', 'preparation', 'occasion', 'north-american', 'very-low-carbs', 'main-dish', 'beef', 'american', 'european', 'kid-friendly', 'chili', 'dietary', 'low-calorie', 'low-carb', 'midwestern', 'ground-beef', 'low-in-something', 'meat', 'novelty', '4-hours-or-less'] Nutrition: low-calories, low-sugar, low-sodium, high-saturated fat, low-carbohydrates Ingredients:  'cider vinegar', 'ground beef', 'salt', 'tomato paste', 'red pepper','water', 'ground allspice', 'cinnamon', 'black pepper' Rating: 4.2","Name: forgotten  minestrone Minutes: 495 Ingredients: ['beef stew meat', 'water', 'tomatoes', 'beef bouillon cube', 'onion', 'dried parsley', 'salt', 'ground thyme', 'ground pepper', 'zucchini', 'cabbage', 'garbanzo beans', 'elbow macaroni', 'parmesan cheese'] Steps: ['in a slow cooker , combine the first nine ingredients', 'cover and cook on low for 7-9 hours or until meat is tender', 'add zucchini , cabbage , beans and macaroni', 'cook on high 30-45 minutes more or until the vegetables are tender', 'sprinkle individual servings with parmesan cheese']",5,": Name: beef stroganoff Minutes: 255 Ingredients: ['beef steaks','salt and pepper', ""lawry's seasoned breadcrumbs"", 'butter'] Steps: [""season beef with salt, pepper, and bread crumbs in a shallow dish and set aside in the refrigerator to marinate for at least 1 hour, or up to 24 hours, depending on the size of your steak"", ""preheat oven to 350 degrees fahrenheit and spray a large baking dish with nonstick cooking spray, but don't overbake the beef or the meat will fall apart when you're done cooking it""]",5,"Tags: ['weeknight', 'time-to-make', '/course', ','main-ingredient"", 'cuisine', ""preparation',�occasion', “north-american', '.very-low-carbs', `main-,dish-and-beef-casserole','america'], 'café', 'tastes' and 'dessert',",0
2,"Tags: ['15-minutes-or-less', 'time-to-make', 'course', 'main-ingredient', 'cuisine', 'preparation', 'occasion', 'low-protein', 'lunch', 'salads', 'eggs-dairy', 'fruit', 'greek', 'easy', 'european', 'diabetic', 'vegetarian', 'cheese', 'dietary', 'low-sodium', 'low-cholesterol', 'low-calorie', 'low-carb', 'healthy-2', 'low-in-something', 'melons', 'novelty', 'taste-mood', 'savory', 'sweet', 'presentation', 'served-cold'] Nutrition: low-calories, low-total fat, low-sodium, low-protein, low-carbohydrates Ingredients: 'red onion', 'fresh parsley', 'extra virgin olive oil' Rating: 5.0","Name: apple a day  milk shake Minutes: 0 Ingredients: ['milk', 'vanilla ice cream', 'frozen apple juice concentrate', 'apple'] Steps: ['combine ingredients in blender', 'cover and blend until smooth', 'sprinkle with ground cinnamon', 'makes about 2 cups']",3,": Name: german salad Minutes: 15 Ingredients: ['mayonnaise','sour cream', ""confectioners' sugar"", 'lemon juice', ', 'fresh parsley leaves'] Steps ['in a large bowl, whisk together mayo, sour cream, sugar, lemon juice, and salt and pepper until well blended']",5,"Tags: ['15-minutes-or-less', 'time-to-make', ‘course', ""main-ingredient"", 'cuisine', `preparation',�occasion', '.low-carb', ',lunch', '/salads','eggs-dairy',",0
3,"Tags: ['60-minutes-or-less', 'time-to-make', 'course', 'main-ingredient', 'preparation', 'occasion', 'main-dish', 'pasta', 'poultry', 'easy', 'potluck', 'chicken', 'one-dish-meal', 'inexpensive', 'meat', 'pasta-rice-and-grains', 'to-go'] Nutrition: low-calories, low-sugar, low-sodium, high-protein, high-saturated fat, low-carbohydrates Ingredients:  'condensed cream of mushroom soup', 'celery salt', 'onion' Rating: 4.0","Name: crispy crunchy  chicken Minutes: 35 Ingredients: ['boneless skinless chicken breast halves', 'condensed cream of chicken soup', 'egg', 'seasoning salt', 'all-purpose flour', 'cornstarch', 'garlic powder', 'paprika', 'salt and pepper', 'oil'] Steps: ['combine soup , egg and seasoned salt in a bowl and set aside', 'mix together flour , cornstarch , garlic powder , paprika , salt and pepper in a resealable plastic bag', 'dip chicken pieces into soup mixture and turn so as to coat all over', 'place chicken pieces in bag with flour mixture , seal bag and shake to coat chicken', 'place coated pieces of chicken on a platter and allow to set until the coating becomes doughy', 'heat oil in a deep fryer or in a skillet over medium heat , using enough oil to cover chicken pieces when fried', 'once chicken is doughy , fry pieces in oil for approx 5-8 minutes or until cooked through and juices run clear', 'drain pieces on paper towel and serve']",5,": Name: chicken and noodles Minutes: 45 Ingredients: ['boneless skinless chicken breasts', 'butter', ""campbell's cream of chicken soup"", 'frozen chopped broccoli florets'] Steps ['preheat oven to 350 degrees fahrenheit and spray a 13 x 9 x 2-inch baking dish with nonstick cooking spray, then set aside to marinate for at least 30 minutes, or up to 24 hours', ['in a large skillet, melt butter over medium-high heat and saute chicken until no longer pink, about 5 minutes per side, and then transfer chicken to a plate and add soup, broccoli and broccoli to the skillet and cook, stirring occasionally, until broccoli is crisp-tender and chicken is cooked through, 5 to 7 minutes more']",5,"Tags: ['60-minutes-or-less', 'time-to-make','course', ""main-ingredient'], 'preparation' 'candy-infused-sliced-up-spaghetti-casserole-type-of-the-day-in-a-ring-occasion', ','real-dish', “pasta"", 'poultry',�easy',...potluck', `chicken",0
4,"Tags: ['weeknight', 'time-to-make', 'course', 'main-ingredient', 'cuisine', 'preparation', 'occasion', 'main-dish', 'poultry', 'french', 'european', 'dinner-party', 'romantic', 'chicken', 'stove-top', 'dietary', 'low-sodium', 'low-carb', 'low-in-something', 'meat', 'chicken-breasts', 'taste-mood', 'equipment', 'presentation', 'served-hot', '4-hours-or-less'] Nutrition: low-calories, low-sugar, low-sodium, high-protein, high-saturated fat, low-carbohydrates Ingredients:  'fresh lemon' Rating: 4.5","Name: forgotten  minestrone Minutes: 495 Ingredients: ['beef stew meat', 'water', 'tomatoes', 'beef bouillon cube', 'onion', 'dried parsley', 'salt', 'ground thyme', 'ground pepper', 'zucchini', 'cabbage', 'garbanzo beans', 'elbow macaroni', 'parmesan cheese'] Steps: ['in a slow cooker , combine the first nine ingredients', 'cover and cook on low for 7-9 hours or until meat is tender', 'add zucchini , cabbage , beans and macaroni', 'cook on high 30-45 minutes more or until the vegetables are tender', 'sprinkle individual servings with parmesan cheese']",5,": Name: chicken souvlaki Minutes: 255 Ingredients: ['boneless skinless chicken breast halves', 'olive oil flavored cooking spray', ""confectioners' sugar"", 'garlic cloves'] Steps: [""preheat oven to 350'f spray a large baking dish with olive oil spray and set aside in the oven for 15 minutes to allow the chicken to absorb the oil"", ""in a small bowl, combine the confectioner's sugar, garlic, and salt and pepper to taste and pour over chicken, making sure to coat evenly with the sugar mixture, so that it doesn't stick to the bottom of the dish, but not all the way up the sides, if you don't want it to stick, then you may need to add a little more sugar or salt to keep it from sticking together too much, or it will be too thick and dry out too quickly, depending on the size of your chicken pieces""]",5,"Tags: ['weeknight', 'time-to-make"", 'course', “main-ingredient' 'cisine', ""preparation',�cuisine-course' ', 'pre-prestige-café, 'casual-occasion','prepared-and-dish', '.poultry', '/french', ',european', `dinner-party', ['",0
5,"Tags: ['30-minutes-or-less', 'time-to-make', 'course', 'main-ingredient', 'cuisine', 'preparation', 'occasion', 'north-american', 'lunch', 'main-dish', 'pasta', 'american', 'easy', 'vegetarian', 'dietary', 'one-dish-meal', 'comfort-food', 'inexpensive', 'pasta-rice-and-grains', 'elbow-macaroni', 'taste-mood', 'from-scratch'] Nutrition: low-calories, low-total fat, low-sugar, low-sodium, high-saturated fat, low-carbohydrates Ingredients:  'milk' Rating: 4.0","Name: a bit different  breakfast pizza Minutes: 30 Ingredients: ['prepared pizza crust', 'sausage patty', 'eggs', 'milk', 'salt and pepper', 'cheese'] Steps: ['preheat oven to 425 degrees f', 'press dough into the bottom and sides of a 12 inch pizza pan', 'bake for 5 minutes until set but not browned', 'cut sausage into small pieces', 'whisk eggs and milk in a bowl until frothy', 'spoon sausage over baked crust and sprinkle with cheese', 'pour egg mixture slowly over sausage and cheese', 's& p to taste', 'bake 15-20 minutes or until eggs are set and crust is brown']",5,": Name: fettuccine alfredo Minutes: 30 Ingredients: ['pasta', 'olive oil flavored cooking spray', ""campbell's seasoned breadcrumbs"", 'garlic powder'] Steps: [""cook pasta according to package directions, drain and set aside in a bowl of cold water to stop the pasta from sticking to the bottom of the pan"", ""while pasta is cooking, heat olive oil in large nonstick skillet over medium-high heat, add bread crumbs and garlic powder and cook, stirring frequently, until crumbly, about 1 minute"", ', 'drain pasta and return to skillet', ', add pasta mixture, and toss to coat evenly with oil mixture and season with salt and pepper']",5,"Tags: ['30-minutes-or-less', 'time-to-make','course', ""main-ingredient' 'cuisine-a-course-of-scented-almond-dish-and-creamy-café-centred-elephant-eater-in-the-middle-continental-preparation', ', 'cacao-pasta',",0
6,"Tags: ['time-to-make', 'course', 'preparation', 'breads', 'quick-breads', '4-hours-or-less'] Nutrition: low-calories, low-total fat, high-sugar, low-sodium, low-protein, high-saturated fat, low-carbohydrates Ingredients:  'banana','butter', 'sugar', 'all-purpose flour' Rating: 0.0","Name: boat house  collard greens Minutes: 525 Ingredients: ['collard greens', 'brown sugar', 'molasses', 'hot sauce', 'whiskey', 'ham hock', 'salt'] Steps: ['put prepared greens in large pot', 'add water', 'bring to a boil , and boil for one hour', 'add sugar , molasses , hot sauce , whiskey , and ham hock', 'bring to a boil again , and boil for another hour', 'reduce heat and simmer for 4-6 hours', 'during the last hour of cooking , add a little salt to taste']",,": Name: cinnamon raisin bread Minutes: 70 Ingredients: ['all-purpose flour', 'baking powder', ""confectioners' sugar"",'salt', ', 'butter flavored shortening'] Steps: [""preheat oven to 350'f grease and flour a 9x5x3-inch loaf pan, or line with parchment paper or spray with nonstick cooking spray"", ""in a large bowl, sift together flour, baking powder, confectioner's sugar, salt, and melted butter, then stir into dry ingredients just until moistened, don't overmix or the batter will be lumpy, about 1 1 / 2 to 2 hours, depending on the size of your bread pan and the amount of flour you are using, but it will still be moist enough to spread out evenly in the pan to make a loaf that won't stick to the bottom of the loaf when it is done baking, if it does, you may need to add a little more flour if you want it to be a bit sticky, just be sure to mix the flour with the sugar and butter until you have a soft dough that will not stick together when baking the bread, it should not be too sticky when you do this, so be careful not to over-mix the dough too much or it may be tough to work with it, which will result in a tough dough, not too hard to knead it with a wooden spoon or a fork, until it comes together and forms a ball that is smooth and elastic, approximately 10 to 12 minutes, being careful to not overwork it as much as possible, this will take about 10 minutes', '(the dough should be very soft and sticky and will fall apart as it cools so you can handle it by lifting it out with your fingers, making sure it sticks to your finger', ""(if it doesn't, let it rest for a few minutes so it can rest on a wire rack for at least 30 minutes before slicing""]",,"Tags: ['time-to-make', 'course', ‘preparation',�breads', ""quick-bread-s"", '4-hours-or-less'] Nutrition: low-calories, no-total fat, high-carbohydrate, fat-free, zero-transfat, saturated-glycerol, sugar-sweetened-protein,",0
7,"Tags: ['30-minutes-or-less', 'time-to-make', 'course', 'main-ingredient', 'cuisine', 'preparation', 'south-west-pacific', 'main-dish', 'pasta', 'seafood', 'australian', 'salmon', 'fish', 'dietary', 'low-sodium', 'low-in-something', 'pasta-rice-and-grains', 'spaghetti', 'saltwater-fish'] Nutrition: low-calories, low-sugar, low-sodium, high-protein, high-saturated fat, low-carbohydrates Ingredients: 'spaghetti' Rating: 0.0","Name: forgotten  minestrone Minutes: 495 Ingredients: ['beef stew meat', 'water', 'tomatoes', 'beef bouillon cube', 'onion', 'dried parsley', 'salt', 'ground thyme', 'ground pepper', 'zucchini', 'cabbage', 'garbanzo beans', 'elbow macaroni', 'parmesan cheese'] Steps: ['in a slow cooker , combine the first nine ingredients', 'cover and cook on low for 7-9 hours or until meat is tender', 'add zucchini , cabbage , beans and macaroni', 'cook on high 30-45 minutes more or until the vegetables are tender', 'sprinkle individual servings with parmesan cheese']",5,": Name: fettuccine alfredo Minutes: 30 Ingredients: ['fettucini pasta', 'olive oil flavored cooking spray', ""confectioners' sugar"", 'garlic cloves'] Steps: [""cook pasta according to package directions, drain and set aside in a large pot of boiling salted water for 10 minutes, or until al dente, but don't overcook"", ""while pasta is cooking, heat olive oil in large nonstick skillet over medium-high heat until hot but not smoking, then add garlic and saute until garlic is fragrant, about 2-3 minutes more, stirring frequently, and add sugar, garlic, salt and pepper to taste, if using, just until sugar dissolves, stir in pasta and toss to coat evenly with sauce and serve immediately']",5,"Tags: ['30-minutes-or-less', 'time-to-make','course', ',main-ingredient', ""cuisine"", 'preparation', ‘south-west-pacific',�main-'dish-and-pasta''seafood', `",0
8,"Tags: ['60-minutes-or-less', 'time-to-make', 'course', 'main-ingredient', 'preparation', 'occasion', 'main-dish', 'vegetables', 'dinner-party', 'meat', 'pasta-rice-and-grains', 'taste-mood'] Nutrition: low-calories, high-total fat, low-sugar, low-sodium, high-protein, high-saturated fat, low-carbohydrates Ingredients:  'chicken broth', 'celery' Rating: 4.0","Name: homemade  vegetable soup from a can Minutes: 12 Ingredients: ['low sodium chicken broth', 'diced tomatoes', 'zucchini', 'corn', 'potatoes', 'wax beans', 'green beans', 'carrots'] Steps: ['combine all ingredients in large pot', 'bring to a boil and simmer for 3 minutes', 'serve', 'i use the tomatoes that come flavored with basil , oregano , and garlic', 'you can substitute whatever vegetables you like', ""if you don't want to use the zucchini , add a can of tomato sauce to give it some substance""]",5,": Name: fettuccine alfredo Minutes: 50 Ingredients: ['fettucini pasta', 'olive oil', ""campbell's seasoned breadcrumbs"", 'garlic powder'] Steps: [""cook pasta according to package directions, drain and set aside in a large pot of boiling water for 10 minutes or until pasta is al dente, but still firm to the bite"", ""while pasta cooks, heat oil in large skillet over medium-high heat until hot but not smoking, then add bread crumbs and garlic powder and cook, stirring, until crumbly, about 2 minutes"", ', then transfer to a bowl and add pasta and toss to coat with breading mixture, season with salt and pepper, and serve immediately']",3,"Tags: ['60-minutes-or-less', 'time-to-make','course', ""main-ingredient', “preparation"", 'occasion', '/prepared-dish', ','vegetables',�dinner-party', '.meat-pasta-",0
9,"Tags: ['60-minutes-or-less', 'time-to-make', 'main-ingredient', 'preparation', 'seafood', 'easy', 'shrimp', 'shellfish'] Nutrition: low-calories, high-total fat, low-sodium, high-protein, high-saturated fat, low-carbohydrates Ingredients:  'shrimp', 'cucumber','orzo pasta', 'dijon mustard' Rating: 5.0","Name: big easy   gumbo Minutes: 68 Ingredients: ['vegetable oil', 'all-purpose flour', 'onion', 'green bell pepper', 'celery', 'creole seasoning', 'garlic cloves', 'low sodium chicken broth', 'cooked chicken', 'andouille sausage', 'frozen black-eyed peas', 'large raw shrimp'] Steps: ['heat oil in a large dutch oven over medium-high heat', 'gradually whisk in flour and cook , whisking constantly , 5 to 7 minutes or until flour is chocolate colored', 'do not burn mixture', 'reduce heat to medium', 'stir in onion and next 4 ingredients and cook , stirring constantly , 3 minutes', 'gradually stir in chicken broth', 'add chicken and next 2 ingredients', 'increase heat to medium-high and bring to a boil', 'reduce heat to low and simmer , stirring occasionally , 20 minutes', 'add shrimp and cook 5 minutes or just until shrimp turn pink', 'serve over hot rice']",5,": Name: bbq shrimp Minutes: 40 Ingredients: ['large shrimp', 'butter flavored cooking spray', ""confectioners' sugar"", 'balsamic vinegar'] Steps: [""preheat the oven to 350f spray a shallow baking dish with nonstick spray and set aside"", ""in a small bowl, combine the confectioner's sugar, vinegar, and vinegar and whisk until well blended, then pour over shrimp and toss to coat with the sugar-bake for 30-40 minutes, or until shrimp are cooked through and the sauce is thickened and bubbly""]",5,"Tags: ['60-minutes-or-less', 'time-to-make', “main-ingredient', ""preparation"",'seafood',�easy','shrimp', `shellfish'] Nutrition: low-calories, high-total fat, no-saturated fats, moderate-gluten, fat-free fatty acids",0
10,"Tags: ['weeknight', '60-minutes-or-less', 'time-to-make', 'course', 'main-ingredient', 'cuisine', 'preparation', 'occasion', 'north-american', 'low-protein', 'side-dishes', 'potatoes', 'vegetables', 'easy', 'spring', 'dietary', 'low-sodium', 'low-cholesterol', 'seasonal', 'healthy-2', 'low-in-something'] Nutrition: low-calories, low-sugar, low-sodium, low-protein, low-carbohydrates Ingredients:  'chicken stock','fingerling potato', 'rice vinegar', 'chives', 'vegetable oil', 'dijon mustard' Rating: 4.0","Name: arriba   baked winter squash mexican style Minutes: 55 Ingredients: ['winter squash', 'mexican seasoning', 'mixed spice', 'honey', 'butter', 'olive oil', 'salt'] Steps: ['make a choice and proceed with recipe', 'depending on size of squash , cut into half or fourths', 'remove seeds', 'for spicy squash , drizzle olive oil or melted butter over each cut squash piece', 'season with mexican seasoning mix ii', 'for sweet squash , drizzle melted honey , butter , grated piloncillo over each cut squash piece', 'season with sweet mexican spice mix', 'bake at 350 degrees , again depending on size , for 40 minutes up to an hour , until a fork can easily pierce the skin', 'be careful not to burn the squash especially if you opt to use sugar or butter', 'if you feel more comfortable , cover the squash with aluminum foil the first half hour , give or take , of baking', 'if desired , season with salt']",2,": Name: baked potatoes Minutes: 40 Ingredients: ['butter', 'onion', ""campbell's cream of mushroom soup"",'sour cream'] Steps ['preheat oven to 350 degrees fahrenheit and spray a 9x13 baking dish with nonstick cooking spray, then set aside to cool for 30 minutes, or until you can handle the potatoes with your hands', ['melt butter in a large saucepan over medium heat, add onion and saute until tender, about 5 minutes', ', then stir in soup, sour cream, and 1 / 4 cup of the remaining soup mix and cook until heated through, stirring constantly, until the soup is thickened and the sauce is bubbly']",4,"Tags: ['weeknight', '60-minutes-or-less', ‘time-to-make"", 'course', ""main-ingredient',�cuisine', `preparation', '/occasion', ', 'north-american' 'low-protein', ['side-dishes']",0
11,"Tags: ['weeknight', 'time-to-make', 'course', 'main-ingredient', 'cuisine', 'preparation', 'occasion', 'north-american', 'main-dish', 'soups-stews', 'beef', 'pork', 'vegetables', 'american', 'southwestern-united-states', '1-day-or-more', 'chili', 'stove-top', 'dietary', 'spicy', 'meat', 'taste-mood', 'equipment'] Nutrition: low-calories, low-sodium, high-protein, high-saturated fat, low-carbohydrates Ingredients:  'oregano', 'onion', 'stew meat', 'green chilies', 'sugar', 'tomato sauce', 'garlic cloves', 'chili powder', 'jalapenos', 'jalapeno juice', 'cumin', 'breakfast sausage', 'onion powder','hamburger', 'cayenne', 'garlic powder' Rating: 4.827586206896552","Name: 30 minute chili Minutes: 30 Ingredients: ['hamburger', 'yellow onion', 'garlic cloves', 'chili powder', 'black pepper', 'salt', 'cumin', 'cayenne pepper', 'pinto beans', 'crushed tomatoes', 'beef broth'] Steps: ['brown beef with onion and garlic in 5-quart dutch oven or large skillet over med high heat for 5 to 6 minutes', 'add seasonings , and stir to combine , heat 1 minute', 'stir in pinto beans , broth and tomatoes', 'bring to boil , reduce heat and simmer for 15 minutes uncovered', 'garnish with onion and cheddar cheese']",5,": Name: beef and mushroom soup Minutes: 255 Ingredients: ['beef stewing beef', 'onion soup mix', ""confectioners' sugar"",'milk'] Steps: [""in a large pot, brown beef with onions and seasonings until beef is no longer pink and onions are tender, but not browned, about 5 minutes"", ""add milk and stir to combine, and bring to a boil over medium-high heat, stirring often, until the soup is thickened and the sauce is reduced by half and thickens a bit, adding more milk if necessary, if it's too thick, add a little more water if too thin, or it won't be as thick as you like it""]",4,"Tags: ['weeknight', 'time-to-make', '/course', ','main-ingredient' 'cuisine-a-course-dish','café-cafe', ""preparation"", 'cajun-e-co-prestauration',... 'occasion', '.north-american',�main-,'soups-stews', “beef', `p",0
12,"Tags: ['60-minutes-or-less', 'time-to-make', 'course', 'main-ingredient', 'cuisine', 'preparation', 'north-american', 'desserts', 'american', 'southern-united-states', 'kid-friendly', 'cakes', 'chocolate', 'dietary', 'number-of-servings'] Nutrition: high-calories, high-total fat, high-sugar, low-sodium, high-protein, high-saturated fat Ingredients:  'pecans', 'eggs', 'egg', 'vanilla', 'cream cheese','chocolate cake mix' Rating: 5.0","Name: bananas 4 ice cream  pie Minutes: 180 Ingredients: ['chocolate sandwich style cookies', 'chocolate syrup', 'vanilla ice cream', 'bananas', 'strawberry ice cream', 'whipped cream'] Steps: ['crumble cookies into a 9-inch pie plate , or cake pan', 'pat down to form an even layer', 'drizzle 1 cup of chocolate topping evenly over the cookies with a small spoon', 'scoop the vanilla ice cream on top of the chocolate and smooth down', 'cover with half of the sliced bananas', 'top with strawberry ice cream', 'cover and freeze until firm', 'before serving , top with 1 / 4 cup chocolate topping , whipped cream , and sliced bananas']",5,": Name: country fried chicken Minutes: 60 Ingredients: ['boneless skinless chicken breast halves', 'butter', ""confectioners' sugar"", 'eggs'] Steps ['preheat oven to 350 degrees fahrenheit and grease a 13 x 9 x 2-inch baking dish with butter or margarine, then set aside for 10 minutes to cool slightly, and then cut chicken into bite size pieces and place them in a large bowl and add the sugar, eggs and melted butter to the bowl of a stand mixer fitted with the paddle attachment and beat on high speed for 2 minutes, or until the butter is melted and the mixture is smooth and thick enough to coat the back of the spoon, scraping down the sides with a rubber spatula as necessary to keep the pieces from sticking together during the cooking process, adding more sugar if necessary, to prevent the chicken from falling apart during cooking, but not too thick, as it will continue to thicken as you do so, so be careful not to over-mix the ingredients too much or they will be tough to work with when you remove them from the oven, which will take about 20-30 minutes depending on the size of your chicken pieces']",5,"Tags: ['60-minutes-or-less', 'time-to-make','course', ""main-ingredient', “cuisine"", 'preparation', '.cu-american', ', 'desserts', '/Americican' and'southern-united-states'",0
13,"Tags: ['60-minutes-or-less', 'time-to-make', 'course', 'main-ingredient', 'preparation', 'lunch', 'beef', 'easy', 'beginner-cook', 'kid-friendly', 'dietary', 'ground-beef', 'meat', '3-steps-or-less'] Nutrition: low-calories, low-total fat, low-sugar, low-sodium, low-carbohydrates Ingredients:  'crusty bread rolls', 'tomatoes','ground beef', 'dried herbs' Rating: 5.0","Name: forgotten  minestrone Minutes: 495 Ingredients: ['beef stew meat', 'water', 'tomatoes', 'beef bouillon cube', 'onion', 'dried parsley', 'salt', 'ground thyme', 'ground pepper', 'zucchini', 'cabbage', 'garbanzo beans', 'elbow macaroni', 'parmesan cheese'] Steps: ['in a slow cooker , combine the first nine ingredients', 'cover and cook on low for 7-9 hours or until meat is tender', 'add zucchini , cabbage , beans and macaroni', 'cook on high 30-45 minutes more or until the vegetables are tender', 'sprinkle individual servings with parmesan cheese']",4,": Name: bbq beef burgers Minutes: 40 Ingredients: ['beef round steak', 'onion', ""campbell's barbecue sauce"", 'ketchup'] Steps ['preheat oven to 350 degrees fahrenheit and spray a 9x13 baking dish with nonstick cooking spray, then place beef on top of the onions in the dish and bake for 30-40 minutes, or until beef is no longer pink in center and onions are tender']",4,"Tags: ['60-minutes-or-less', 'time-to-make', ‘course''main-ingredient', ""preparation"", 'lunch',�pre-cooking-meets-a-dietary','lunar-baking-fast-and-cheese-quick-start-in-the-middle-of-course',",0
14,"Tags: ['30-minutes-or-less', 'time-to-make', 'course', 'main-ingredient', 'preparation', 'occasion', 'desserts', 'eggs-dairy', 'oven', 'easy', 'beginner-cook', 'kosher', 'cheesecake', 'cheese', 'dietary', 'taste-mood', 'sweet', 'equipment', 'small-appliance', 'mixer', 'presentation', 'served-cold'] Nutrition: low-calories, high-sugar, low-sodium, low-protein, high-saturated fat, low-carbohydrates Ingredients:  'graham cracker crumbs', 'instant lemon pudding', 'butter' Rating: 4.25","Name: puddingkuchen   custard bake Minutes: 75 Ingredients: ['eggs', 'sugar', 'flour', 'milk', 'butter', 'fruit'] Steps: ['in a bowl combine eggs , sugar , flour and milk', 'grease a stoneware dish with all the butter', 'pour in the dough and add fruit , raisins or almonds to taste', 'bake in the cold oven at 180c for about 60 minutes or until custard has set', 'you might need to cover the dish after 40 minutes or so', 'allow to stand and set for at least 10 minutes before serving']",3,": Name: baked custard Minutes: 30 Ingredients: ['eggs','milk', ""confectioners' sugar"", 'vanilla extract'] Steps: [""preheat oven to 350 degrees fahrenheit, but don't overbake"", ""in a small bowl, whisk together eggs, milk, confectioner's sugar, vanilla, and vanilla extract until well blended, about 5 minutes"", '(pour into a greased 9x13-inch baking dish and bake for 20-25 minutes, or until a toothpick inserted near the center comes out clean']",5,"Tags: ['30-minutes-or-less', 'time-to-make-a-day-course', ', 'work-in-the-middle-of-your-life-style-main-ingredient', ""preparation"", 'occasion', “desserts',�eggs-dairy', '/oven', '[easy-startner-cook',",0
15,"Tags: ['weeknight', 'time-to-make', 'course', 'main-ingredient', 'preparation', 'occasion', 'for-large-groups', 'low-protein', 'healthy', 'beverages', 'fruit', 'holiday-event', 'kid-friendly', 'low-fat', 'punch', 'food-processor-blender', 'freezer', 'dietary', 'low-sodium', 'low-cholesterol', 'low-saturated-fat', 'low-calorie', 'healthy-2', 'low-in-something', 'tropical-fruit', 'pineapple', 'brunch', 'equipment', 'small-appliance', 'number-of-servings', '4-hours-or-less'] Nutrition: low-calories, low-total fat, high-sugar, low-sodium, low-protein, low-saturated fat, low-carbohydrates Ingredients:  'pineapple juice', 'sugar', 'frozen orange juice concentrate', 'orange slice', 'carbonated lemon-lime beverage', 'frozen lemonade concentrate', 'water' Rating: 5.0","Name: apple a day  milk shake Minutes: 0 Ingredients: ['milk', 'vanilla ice cream', 'frozen apple juice concentrate', 'apple'] Steps: ['combine ingredients in blender', 'cover and blend until smooth', 'sprinkle with ground cinnamon', 'makes about 2 cups']",2,": Name: cranberry lemonade Minutes: 255 Ingredients: ['fresh cranberries', 'fresh lemon juice', ""confectioners' sugar"", 'lemon, zest of'] Steps: [""in a large saucepan, combine all the ingredients except for the lemon and orange juice, and bring to a boil over medium heat, stirring often so it doesn't stick to the bottom of the pan"", ""reduce the heat to low and simmer, uncovered, for 10-15 minutes, or until the berries pop and the liquid is reduced to about 1 / 4 cup, but don't let the mixture boil too long or it will curdle, so you'll need to add a little more water if you want it to be a bit more thick""]",2,"Tags: ['weeknight', 'time-to-make',�course', “main-ingredient], 'preparation"", 'occasion', ""for-large-groups', [low-protein', '/healthy', ', 'lifestyle-event','healthy-beverages', `fruit', '[holiday-type-of-day-and-night-afternoon-events']",0
16,"Tags: ['30-minutes-or-less', 'time-to-make', 'course', 'main-ingredient', 'cuisine', 'preparation', 'occasion', 'north-american', 'low-protein', 'healthy', 'sauces', 'desserts', 'condiments-etc', 'fruit', 'easy', 'potluck', 'dinner-party', 'kid-friendly', 'kosher', 'low-fat', 'vegan', 'vegetarian', 'puddings-and-mousses', 'stove-top', 'dietary', 'low-sodium', 'low-cholesterol', 'low-saturated-fat', 'low-calorie', 'low-in-something', 'tropical-fruit', 'pineapple', 'to-go', 'equipment'] Nutrition: low-calories, low-total fat, high-sugar, low-sodium, low-protein, low-saturated fat, low-carbohydrates Ingredients:  'rhubarb','minute tapioca', 'salt', 'crushed pineapple' Rating: 3.0","Name: arriba   baked winter squash mexican style Minutes: 55 Ingredients: ['winter squash', 'mexican seasoning', 'mixed spice', 'honey', 'butter', 'olive oil', 'salt'] Steps: ['make a choice and proceed with recipe', 'depending on size of squash , cut into half or fourths', 'remove seeds', 'for spicy squash , drizzle olive oil or melted butter over each cut squash piece', 'season with mexican seasoning mix ii', 'for sweet squash , drizzle melted honey , butter , grated piloncillo over each cut squash piece', 'season with sweet mexican spice mix', 'bake at 350 degrees , again depending on size , for 40 minutes up to an hour , until a fork can easily pierce the skin', 'be careful not to burn the squash especially if you opt to use sugar or butter', 'if you feel more comfortable , cover the squash with aluminum foil the first half hour , give or take , of baking', 'if desired , season with salt']",3,": Name: bbq chicken Minutes: 30 Ingredients: ['boneless skinless chicken breasts', 'olive oil flavored cooking spray', ""mccormick's barbecue sauce"", 'garlic cloves'] Steps ['heat oil in a large nonstick skillet over medium-high heat, add chicken and cook, stirring occasionally, until chicken is no longer pink and juices run clear, about 10-15 minutes, depending on thickness of chicken, remove chicken from skillet and set aside to cool slightly, then season chicken with salt and pepper to taste']",0,"Tags: ['30-minutes-or-less', 'time-to-make','course', ""main-ingredient', “cuisine"", 'preparation',�cajun-sauces', ', 'north-american' 'low-protein', '/healthy' -'souces'",0
17,"Tags: ['30-minutes-or-less', 'time-to-make', 'preparation'] Nutrition: low-calories, low-sugar, low-sodium, high-protein, high-saturated fat, low-carbohydrates Ingredients:  'milk', 'cooked rice', 'ground black pepper', 'vegetable oil', 'broccoli cheese soup' Rating: 5.0","Name: deep fried dessert thingys Minutes: 20 Ingredients: ['all-purpose flour', 'granulated sugar', 'baking powder', 'salt', 'vanilla extract', 'egg', 'milk', 'vegetable oil', 'bread', 'brown sugar', 'ground cinnamon', 'butter', 'powdered sugar'] Steps: ['in a large bowl , mix flour , granulated sugar , baking powder and salt', 'make a well in the center of the flour mixture , and pour in milk , vanilla , egg and 2 tablespoons oil', 'mix until smooth', 'heat remaining vegetable oil to 400 degrees in a small deep fryer', 'oil is hot enough when it starts to ripple', 'be careful not to overheat', 'butter one side of each bread slice', 'sprinkle the brown sugar and cinnamon evenly onto the buttered side of the bread slices', 'make sandwiches by placing the slices of bread together with the brown sugar on the inside', 'cut the sandwiches into quarters', 'now is a good time to test the oil by dropping in a very small amount of batter', 'batter should sizzle and brown in about 20 seconds', 'oil needs to be hot enough to melt the brown sugar inside the sandwiches but not so hot that it scorches the batter', 'dip the sandwiches into the batter mixture', 'using deep fryer tongs , carefully place the battered sandwiches into the heated oil', 'be cautious when deep frying', 'try to avoid burns from splattering hot oil', 'remove sandwiches from the oil when they are golden brown', 'set aside to cool for a couple of minutes', 'sprinkle with powdered sugar and serve']",4,": Name: baked french toast Minutes: 30 Ingredients: ['french bread','milk', ""confectioners' sugar"", 'butter'] Steps: [""preheat oven to 350 degrees fahrenheit, but don't overbake the bread or it will be tough"", ""you'll need to add a little more milk if you want it to be a bit more creamy, so you'll want to stir it a few times so it doesn't stick to the bottom of the pan""]",4,"Tags: ['30-minutes-or-less', 'time-to-make', ""preparation'] Nutrition: low-calories, low -sugar, high-saturated fat, no-carbohydrates Ingredients: 'milk",0
18,"Tags: ['60-minutes-or-less', 'time-to-make', 'course', 'main-ingredient', 'preparation', 'occasion', 'main-dish', 'pasta', 'easy', 'one-dish-meal', 'comfort-food', 'pasta-rice-and-grains', 'taste-mood', 'savory', '3-steps-or-less'] Nutrition: low-calories, high-total fat, low-sugar, low-sodium, high-protein, high-saturated fat, low-carbohydrates Ingredients:  'fresh ground black pepper', 'garlic cloves', 'rigatoni pasta', 'cannellini beans', 'escarole', 'salt', 'low sodium chicken broth','cooking oil', 'mild sausage' Rating: 4.0","Name: fool the meat eaters  chili Minutes: 40 Ingredients: ['vegetarian ground beef', 'garlic', 'onion', 'jalapenos', 'green pepper', 'celery', 'kidney beans', 'diced tomatoes', 'chili powder', 'black pepper', 'salt', 'red pepper flakes'] Steps: ['rehydrate tvp if needed', 'spray or oil a large pot', 'chop the onion , hot peppers , and garlic and add to the pot', 'chop remaining vegetables , add to pot and brown lightly', 'add remaining ingredients', 'stir well and simmer at least 15 minutes', 'taste adjust spices to taste', 'simmer an additional 15 minutes or so', 'serve with garlic bread , toast , or on rice']",4,": Name: easy cheesy pasta bake Minutes: 50 Ingredients: ['pasta', 'butter', ""campbell's montreal brand italian seasoning"", 'garlic powder'] Steps: [""cook pasta according to package directions, drain and set aside in a large pot of boiling salted water for 10 minutes, or until al dente"", ""while pasta is cooking, melt butter in large skillet over medium-high heat and saute' garlic powder for 1 minute, stirring frequently, until garlic is fragrant, but not browned, then add pasta and stir to coat evenly with butter and garlic-seasoning mixture, breaking up any clumps of garlic that may be stuck to the bottom of the pan, about 5 minutes more, depending on the size of your pasta, and the amount of pasta you want to cook in the oven"", '(you can also add a little more butter, if you like it a bit more crunchier']",4,"Tags: ['60-minutes-or-less', 'time-to-make','course', ""main-ingredient', ‘preparation"", 'occasion',�main'-dish-meal, 'prepared-a-day-and-two-dishes-three-days-one-month-long-course-",0
19,"Tags: ['course', 'preparation', 'healthy', '5-ingredients-or-less', 'main-dish', 'easy', 'low-fat', 'chili', 'crock-pot-slow-cooker', 'dietary', 'low-saturated-fat', 'low-calorie', 'low-carb', 'low-in-something', 'equipment'] Nutrition: low-calories, low-total fat, low-sugar, low-sodium, high-protein, low-carbohydrates Ingredients:  'salsa verde','pork roast', 'onion', 'salt and pepper' Rating: 4.0","Name: apple a day  milk shake Minutes: 0 Ingredients: ['milk', 'vanilla ice cream', 'frozen apple juice concentrate', 'apple'] Steps: ['combine ingredients in blender', 'cover and blend until smooth', 'sprinkle with ground cinnamon', 'makes about 2 cups']",2,": Name: crock pot chili Minutes: 490 Ingredients: ['chili powder', 'ground beef', ""campbell's cheddar cheese soup"", 'onion soup mix'] Steps: [""place all ingredients in a slow cooker and cook on low for 6-8 hours or on high for 4-5 hours, or until the cheese is melted and the soup is heated through""]",3,"Tags: ['course', 'preparation', ‘healthy"", '5-ingredients-or-less', ""main-dish',�easy-to-make-good-food-and-high-protein-rich-carb-low-fat-cherry-slow-cooked-crock-pot-fast-cooker-saturated",0
TOTAL,,,3.947368421,,4.052631579,,0
